{"episode_reward_max": 12.0, "episode_reward_min": 12.0, "episode_reward_mean": 12.0, "episode_len_mean": 24.0, "episode_media": {}, "episodes_this_iter": 42, "policy_reward_min": {"player_0": 1.0, "player_1": 0.0, "player_2": 1.0, "player_3": 0.0}, "policy_reward_max": {"player_0": 6.0, "player_1": 5.0, "player_2": 6.0, "player_3": 5.0}, "policy_reward_mean": {"player_0": 3.1904761904761907, "player_1": 2.8095238095238093, "player_2": 3.1904761904761907, "player_3": 2.8095238095238093}, "custom_metrics": {}, "hist_stats": {"episode_reward": [12.0, 12.0, 12.0, 12.0, 12.0, 12.0, 12.0, 12.0, 12.0, 12.0, 12.0, 12.0, 12.0, 12.0, 12.0, 12.0, 12.0, 12.0, 12.0, 12.0, 12.0, 12.0, 12.0, 12.0, 12.0, 12.0, 12.0, 12.0, 12.0, 12.0, 12.0, 12.0, 12.0, 12.0, 12.0, 12.0, 12.0, 12.0, 12.0, 12.0, 12.0, 12.0], "episode_lengths": [24, 24, 24, 24, 24, 24, 24, 24, 24, 24, 24, 24, 24, 24, 24, 24, 24, 24, 24, 24, 24, 24, 24, 24, 24, 24, 24, 24, 24, 24, 24, 24, 24, 24, 24, 24, 24, 24, 24, 24, 24, 24], "policy_player_0_reward": [3.0, 1.0, 4.0, 3.0, 3.0, 5.0, 2.0, 5.0, 5.0, 2.0, 3.0, 6.0, 2.0, 4.0, 6.0, 3.0, 2.0, 1.0, 6.0, 3.0, 5.0, 3.0, 1.0, 4.0, 1.0, 3.0, 3.0, 3.0, 5.0, 2.0, 6.0, 2.0, 2.0, 3.0, 2.0, 3.0, 4.0, 2.0, 4.0, 3.0, 2.0, 2.0], "policy_player_1_reward": [3.0, 5.0, 2.0, 3.0, 3.0, 1.0, 4.0, 1.0, 1.0, 4.0, 3.0, 0.0, 4.0, 2.0, 0.0, 3.0, 4.0, 5.0, 0.0, 3.0, 1.0, 3.0, 5.0, 2.0, 5.0, 3.0, 3.0, 3.0, 1.0, 4.0, 0.0, 4.0, 4.0, 3.0, 4.0, 3.0, 2.0, 4.0, 2.0, 3.0, 4.0, 4.0], "policy_player_2_reward": [3.0, 1.0, 4.0, 3.0, 3.0, 5.0, 2.0, 5.0, 5.0, 2.0, 3.0, 6.0, 2.0, 4.0, 6.0, 3.0, 2.0, 1.0, 6.0, 3.0, 5.0, 3.0, 1.0, 4.0, 1.0, 3.0, 3.0, 3.0, 5.0, 2.0, 6.0, 2.0, 2.0, 3.0, 2.0, 3.0, 4.0, 2.0, 4.0, 3.0, 2.0, 2.0], "policy_player_3_reward": [3.0, 5.0, 2.0, 3.0, 3.0, 1.0, 4.0, 1.0, 1.0, 4.0, 3.0, 0.0, 4.0, 2.0, 0.0, 3.0, 4.0, 5.0, 0.0, 3.0, 1.0, 3.0, 5.0, 2.0, 5.0, 3.0, 3.0, 3.0, 1.0, 4.0, 0.0, 4.0, 4.0, 3.0, 4.0, 3.0, 2.0, 4.0, 2.0, 3.0, 4.0, 4.0]}, "sampler_perf": {"mean_raw_obs_processing_ms": 0.1377316810241759, "mean_inference_ms": 0.30619717484940284, "mean_action_processing_ms": 0.030550036677884543, "mean_env_wait_ms": 0.12236757680087787, "mean_env_render_ms": 0.0}, "off_policy_estimator": {}, "num_healthy_workers": 1, "timesteps_total": 1020, "timesteps_this_iter": 200, "agent_timesteps_total": 1017, "timers": {"learn_time_ms": 46.877, "learn_throughput": 4266.515, "update_time_ms": 0.0}, "info": {"learner": {"player_0": {"learner_stats": {"allreduce_latency": 0.0, "grad_gnorm": 0.11328853666782379, "mean_q": -4.6481731260428205e-05, "min_q": -0.0035275721456855536, "max_q": 0.004009943455457687, "cur_lr": 0.001}, "td_error": [0.0015816889936104417, -0.0012365813599899411, -5.996264934539795, -3.997903823852539, -0.0018767383880913258, 0.0008220289601013064, -0.0013783868635073304, 0.00011176173575222492, -3.0009491443634033, -0.0018767383880913258, 0.0018112246179953218, -0.001299297553487122, 0.0002896134974434972, 0.0021458701230585575, -0.0036570029333233833, 0.0003016834962181747, -0.0026773004792630672, -1.9991520643234253, -5.003527641296387, -3.0021555423736572, -0.0013783868635073304, -3.0021555423736572, 0.0018009552732110023, -0.0017191835213452578, -0.0013783868635073304, -0.0014477729564532638, -0.0014477729564532638, -0.0017106388695538044, -0.003267933614552021, -6.000051498413086, -3.0001189708709717, -0.0017106388695538044, 0.000579155283048749, -3.997903823852539, 0.0013508083065971732, -0.0012365813599899411, -3.0034303665161133, 7.9774996265769e-05, 0.0006355458172038198, -0.00017069815658032894, -0.003267933614552021, -0.00046290754107758403, 0.0013476029271259904, 0.0018560142489150167, -0.0006559988833032548, -3.888062201440334e-05, 0.005456832237541676, -0.0011691504623740911, -0.00021844531875103712, -0.0016047912649810314, 0.005456832237541676, 0.00025541489594615996, -0.0017106388695538044, 0.0005968485493212938, -1.9991520643234253, -0.0005859574303030968, -1.0013808012008667, 0.000838344101794064, -0.0018349947640672326, -0.002985745668411255, -0.000619188416749239, 0.003579440526664257, -0.0018349947640672326, 0.0009716678177937865, 0.001873950008302927, -0.003613277105614543, -0.002556336112320423, -0.004220000933855772, -0.0035840871278196573, -0.005105631425976753, -0.0016047912649810314, 0.0005654968554154038, 0.0011694261338561773, -3.0034303665161133, -2.0003349781036377, 0.004458860494196415, -0.0030172383412718773, -0.002400094410404563, -0.0022904190700501204, 0.0011774194426834583, -1.9980278015136719, -0.002124595921486616, -0.0035840871278196573, 0.0013476029271259904, 0.005213768221437931, 0.0014160110149532557, -0.003354085609316826, 0.0013508083065971732, 0.0015816889936104417, -0.004342643078416586, -0.0018402445130050182, -3.0006165504455566, -0.0026773004792630672, -0.0033153623808175325, 0.0013317844131961465, 0.0001028874539770186, 0.002595220459625125, 0.0010284980526193976, -0.0010985753033310175, -0.0020427575800567865, -0.002645811066031456, 0.002693951828405261, -0.00033042230643332005, -0.005940520204603672, -0.001826970255933702, 0.0030592400580644608, 0.001788121066056192, -3.0016095638275146, 0.007086043246090412, 0.0008745042723603547, -0.0014685137430205941, 0.002491234103217721, -3.99686861038208, 0.0011630116496235132, -0.0026128264144062996, -2.999659538269043, -0.00021844531875103712, -0.00046290754107758403, -0.0011027331929653883, -3.99686861038208, 0.001847958890721202, -0.0010184705024585128, -2.9997594356536865, -0.0033153623808175325, 0.0023779349867254496, 0.0002896134974434972, -0.004470132291316986, -0.002124595921486616, -0.0026983791030943394, 0.0024281409569084644, 0.004458860494196415, -2.0031070709228516, -0.0008973804069682956, -3.888062201440334e-05, -0.0018402445130050182, -0.0011691504623740911, -0.0012590981787070632, 0.0001028874539770186, 0.0018560142489150167, -0.00021844531875103712, -0.0005859574303030968, -0.0017191835213452578, 0.0024281409569084644, -0.002945897402241826, -0.0026983791030943394, -0.005955549422651529, -0.0012033300008624792, -0.0018602731870487332, -0.00025664447457529604, -0.0011027331929653883, 0.001788121066056192, -4.998075485229492, -0.0018242732621729374, -0.0012449008645489812, -0.0010184705024585128, -1.0028557777404785, 0.0024281409569084644, -2.0018222332000732, 0.0023014401085674763, -0.0005181725136935711, 0.0022922479547560215, -0.0011332733556628227, -0.0005308695835992694, -0.0005859574303030968, -0.0006559988833032548, 7.9774996265769e-05, 0.0015816889936104417, 0.004458860494196415, 0.002693951828405261, 0.0018009552732110023, -0.0016905383672565222, -0.0008372144075110555, 0.0023779349867254496, 0.0010284980526193976, -0.004696942400187254, -0.0013949353015050292, -0.0030172383412718773, -2.9990246295928955, -0.002326146699488163, -0.002124595921486616, 0.0010284980526193976, 0.0001028874539770186, -0.0036570029333233833, -0.005955549422651529, -0.0021754377521574497, -0.0003953372361138463, -4.0009541511535645, -0.000942938553635031, -0.0018242732621729374, -0.0024300534278154373, 0.000838344101794064, -2.9990246295928955, -0.0009889693465083838, -2.0003349781036377, -3.0032267570495605, -0.0018402445130050182, -0.002326146699488163, 0.0011774194426834583, -0.000837214756757021, -0.001156509737484157], "mean_td_error": -0.485465407371521, "model": {}, "custom_metrics": {}}}, "num_steps_sampled": 1020, "num_agent_steps_sampled": 1017, "num_steps_trained": 200, "num_steps_trained_this_iter": 200, "num_agent_steps_trained": 800, "last_target_update_ts": 1020, "num_target_updates": 1}, "done": true, "episodes_total": 42, "training_iteration": 1, "trial_id": "59acf_00000", "experiment_id": "50d8be602fe7405bb0655c90e614cb3b", "date": "2022-07-06_15-31-48", "timestamp": 1657117908, "time_this_iter_s": 1.0156152248382568, "time_total_s": 1.0156152248382568, "pid": 47176, "hostname": "AndrewXPS15", "node_ip": "127.0.0.1", "config": {"num_workers": 1, "num_envs_per_worker": 1, "create_env_on_driver": false, "rollout_fragment_length": 30,